datetime,temp,humidity,precip,windspeed,cloudcover
2023-04-01T00:00:00,0,69.32,0,24,50.6
2023-04-01T01:00:00,0,69.27,0.003,24.1,50.6
2023-04-01T02:00:00,0,69.28,0.006,27.6,50.6
2023-04-01T03:00:00,0,69.29,0,22.3,50.7
2023-04-01T04:00:00,0,74.45,0.004,22.4,29.9
2023-04-01T05:00:00,-1,80.03,0,24.1,89.7
2023-04-01T06:00:00,-1,74.43,0,22.4,29.9
2023-04-01T07:00:00,-1,74.41,0.004,20.6,29.5
2023-04-01T08:00:00,-1,74.28,0,22.4,29.5
2023-04-01T09:00:00,-1,74.17,0,24.2,29.6
2023-04-01T10:00:00,-1,79.87,0.001,20.6,50.4
2023-04-01T11:00:00,0,59.54,0,27.7,29.5
2023-04-01T12:00:00,1,51.42,0,25.8,67.8
2023-04-01T13:00:00,1,51.27,0,29.4,67.8
2023-04-01T14:00:00,1,55.16,0,25.9,20.7
2023-04-01T15:00:00,2,51.36,0,22.3,41.6
2023-04-01T16:00:00,3,47.91,0,22.3,20.7
2023-04-01T17:00:00,3,47.9,0,16.6,20.7
2023-04-01T18:00:00,3,51.79,0,16.5,2.3
2023-04-01T19:00:00,3,55.94,0,13,18.4
2023-04-01T20:00:00,2,60.02,0,11.2,11.5
2023-04-01T21:00:00,2,64.58,0,9.5,28.5
2023-04-01T22:00:00,2,60,0,14.9,5.2
2023-04-01T23:00:00,2,51.83,0,16.6,5.2
2023-04-02T00:00:00,1,55.48,0,14.9,0
2023-04-02T01:00:00,1,55.42,0,18.4,0
2023-04-02T02:00:00,1,55.4,0,16.6,0
2023-04-02T03:00:00,0,59.42,0,14.9,0
2023-04-02T04:00:00,0,59.48,0,14.9,0
2023-04-02T05:00:00,0,59.43,0,13.1,0
2023-04-02T06:00:00,-1,63.81,0,11.4,0
2023-04-02T07:00:00,-1,63.86,0,11.4,0
2023-04-02T08:00:00,-1,68.85,0,13.2,0
2023-04-02T09:00:00,0,64.06,0,14.9,0
2023-04-02T10:00:00,1,59.57,0,13.2,0
2023-04-02T11:00:00,1,59.36,0,15,0
2023-04-02T12:00:00,1,55.03,0,18.5,28.5
2023-04-02T13:00:00,1.1,54.99,0,20.6,10
2023-04-02T14:00:00,2,47.65,0,22.3,62.7
2023-04-02T15:00:00,2,40.88,0,24,62.1
2023-04-02T16:00:00,2,40.79,0,22.2,29.1
2023-04-02T17:00:00,2,43.99,0,22.2,49.5
2023-04-02T18:00:00,2,47.54,0,16.6,49.7
2023-04-02T19:00:00,2,51.36,0,16.6,50.1
2023-04-02T20:00:00,2,51.47,0,13,2.5
2023-04-02T21:00:00,2,55.62,0,11.2,29.4
2023-04-02T22:00:00,1,55.4,0,20.5,99.5
2023-04-02T23:00:00,1,59.71,0,14.8,29.3
2023-04-03T00:00:00,1,59.64,0,14.9,49.5
2023-04-03T01:00:00,1,59.73,0,18.4,29.1
2023-04-03T02:00:00,0,69.06,0,14.9,2.5
2023-04-03T03:00:00,0,69.12,0,18.4,0
2023-04-03T04:00:00,-1,74.25,0,14.9,0
2023-04-03T05:00:00,-1,74.31,0,16.7,0
2023-04-03T06:00:00,-1,69.01,0,14.9,0
2023-04-03T07:00:00,-2,74.13,0,16.7,0
2023-04-03T08:00:00,-2,68.72,0,16.8,28.5
2023-04-03T09:00:00,-2,68.54,0,22.5,49.6
2023-04-03T10:00:00,-1,63.73,0,24.2,28.6
2023-04-03T11:00:00,-0.9,63.64,0,22.5,28.7
2023-04-03T12:00:00,0,54.85,0,24.2,18.4
2023-04-03T13:00:00,1,47.33,0,27.7,20.7
2023-04-03T14:00:00,1,43.82,0,26,20.7
2023-04-03T15:00:00,1,43.78,0,24.2,20.7
2023-04-03T16:00:00,2,34.99,0,24.2,11.5
2023-04-03T17:00:00,2,37.79,0,22.4,23
2023-04-03T18:00:00,2,34.94,0,22.3,23
2023-04-03T19:00:00,2,40.8,0,16.6,23
2023-04-03T20:00:00,1,43.77,0,14.8,70.1
2023-04-03T21:00:00,0,47,0,13,54.4
2023-04-03T22:00:00,0,47.09,0,11.3,26
2023-04-03T23:00:00,0,50.94,0,13,26
2023-04-04T00:00:00,0,55.06,0,11.3,6.9
2023-04-04T01:00:00,-1,63.73,0,13,20.7
2023-04-04T02:00:00,-1,63.81,0,9.5,2.3
2023-04-04T03:00:00,-1,63.91,0,7.8,0
2023-04-04T04:00:00,-2,68.69,0,7.8,6.9
2023-04-04T05:00:00,-2,68.69,0,9.5,18.4
2023-04-04T06:00:00,-2,68.8,0,7.7,0
2023-04-04T07:00:00,-2,68.81,0,9.5,0
2023-04-04T08:00:00,-2,74.12,0,11.3,0
2023-04-04T09:00:00,-1,68.89,0,13.1,2.3
2023-04-04T10:00:00,0,59.46,0,16.6,0
2023-04-04T11:00:00,0,54.92,0,18.4,0
2023-04-04T12:00:00,0.1,59.11,0,20.5,0
2023-04-04T13:00:00,1,55.05,0,20.5,0
2023-04-04T14:00:00,1,51.07,0,16.6,20.7
2023-04-04T15:00:00,1.1,51.02,0,18.4,18.4
2023-04-04T16:00:00,2,44.15,0,18.3,26
2023-04-04T17:00:00,2,44.17,0,18.3,28.2
2023-04-04T18:00:00,2,44.18,0,14.7,70.1
2023-04-04T19:00:00,2,47.7,0,14.6,77.6
2023-04-04T20:00:00,1,55.18,0,9.4,79.9
2023-04-04T21:00:00,1,55.3,0,7.6,89.7
2023-04-04T22:00:00,1,59.72,0.001,9.4,89.7
2023-04-04T23:00:00,1,69.44,0,16.4,50.7
2023-04-05T00:00:00,0,86.21,0.002,13,29.9
2023-04-05T01:00:00,0,86.52,0.1,12.9,100
2023-04-05T02:00:00,-1,99.74,0.001,11.2,89.7
2023-04-05T03:00:00,0,86.5,0.003,14.8,99.9
2023-04-05T04:00:00,0,86.48,0.198,14.8,100
2023-04-05T05:00:00,0,86.43,0,16.5,100
2023-04-05T06:00:00,0,86.5,0,14.8,100
2023-04-05T07:00:00,0,93,0.295,16.6,100
2023-04-05T08:00:00,0,93,0.007,18.3,100
2023-04-05T09:00:00,0,93,0,18.4,99.9
2023-04-05T10:00:00,1,93.08,0.011,18.3,100
2023-04-05T11:00:00,1,93.07,0.008,22.2,100
2023-04-05T12:00:00,1,99.9,0,23.9,100
2023-04-05T13:00:00,2,93.15,0.112,23.8,99.9
2023-04-05T14:00:00,2,93.11,0.007,22.1,100
2023-04-05T15:00:00,3,86.87,0,22,100
2023-04-05T16:00:00,3,93.16,0.103,14.6,100
2023-04-05T17:00:00,3,86.9,0.01,12.9,100
2023-04-05T18:00:00,2,93.15,0,14.6,100
2023-04-05T19:00:00,2,99.91,0.205,12.8,100
2023-04-05T20:00:00,3,93.28,0.022,12.8,100
2023-04-05T21:00:00,3,93.23,0,9.2,100
2023-04-05T22:00:00,3,93.24,1.976,5.3,100
2023-04-05T23:00:00,3,93.27,0.02,7.5,99.9
2023-04-06T00:00:00,2,99.97,0,5.4,89.7
2023-04-06T01:00:00,2,93.24,0.88,9.3,50.7
2023-04-06T02:00:00,2,93.24,0.006,7.6,1.9
2023-04-06T03:00:00,2,93.23,0,9.3,1.8
2023-04-06T04:00:00,2,93.22,0.199,9.3,97.7
2023-04-06T05:00:00,1.1,99.96,0.006,5.5,1.4
2023-04-06T06:00:00,1,93.17,0,11.2,1.3
2023-04-06T07:00:00,1,93.16,0.003,11.1,0.8
2023-04-06T08:00:00,1.1,93.14,0.001,13,0.8
2023-04-06T09:00:00,1.1,99.9,0,16.5,29.9
2023-04-06T10:00:00,2,93.19,0,20.3,99.9
2023-04-06T11:00:00,3,99.92,0,18.2,100
2023-04-06T12:00:00,3,93.23,0,18.3,100
2023-04-06T13:00:00,3,93.15,0,16.5,100
2023-04-06T14:00:00,4,87.04,0,14.8,100
2023-04-06T15:00:00,5,87.04,0,14.8,100
2023-04-06T16:00:00,6.9,81.45,0,14.8,50.6
2023-04-06T17:00:00,6,81.23,0,14.8,29.2
2023-04-06T18:00:00,6,75.72,0,16.5,7.4
2023-04-06T19:00:00,5,81.02,0,13,0
2023-04-06T20:00:00,3.1,86.76,0,11.2,0
2023-04-06T21:00:00,2.1,92.98,0,12.9,0
2023-04-06T22:00:00,2.1,92.97,0,16.3,0
2023-04-06T23:00:00,0.1,92.98,0,11,0
2023-04-07T00:00:00,0.1,92.98,0,12.8,0
2023-04-07T01:00:00,0.1,92.97,0,14.6,0
2023-04-07T02:00:00,0.1,92.97,0,11.1,0
2023-04-07T03:00:00,0.1,93.03,0,11.1,0
2023-04-07T04:00:00,-0.9,99.86,0,11.1,0
2023-04-07T05:00:00,-1.9,99.84,0,11.2,0
2023-04-07T06:00:00,-0.9,92.97,0,9.4,0
2023-04-07T07:00:00,-0.9,99.77,0,11.1,0
2023-04-07T08:00:00,1.1,92.77,0,9.4,0
2023-04-07T09:00:00,4.1,80.49,0,9.3,0
2023-04-07T10:00:00,6,65.48,0,11.1,0
2023-04-07T11:00:00,9,57.46,0,12.9,0
2023-04-07T12:00:00,11,46.94,0,14.7,0
2023-04-07T13:00:00,12,40.87,0,20.4,0
2023-04-07T14:00:00,12,47.02,0,13,0
2023-04-07T15:00:00,12,43.74,0,16.5,0
2023-04-07T16:00:00,12.9,38.16,0,20.3,0
2023-04-07T17:00:00,11,37.54,0,18.3,0
2023-04-07T18:00:00,11,40.38,0,18.2,0
2023-04-07T19:00:00,8,52.87,0,12.9,0
2023-04-07T20:00:00,5.1,64.74,0,12.9,0
2023-04-07T21:00:00,4,69.74,0,9.4,0
2023-04-07T22:00:00,3,69.67,0,9.4,0
2023-04-07T23:00:00,2,80.4,0,9.4,0
2023-04-08T00:00:00,1,86.3,0,5.5,0
2023-04-08T01:00:00,0,86.43,0,3.7,0
2023-04-08T02:00:00,0,86.45,0,3.7,0
2023-04-08T03:00:00,-0.9,92.76,0,5.5,0
2023-04-08T04:00:00,-0.9,92.78,0,2,0
2023-04-08T05:00:00,-1.9,99.72,0,3.7,0
2023-04-08T06:00:00,-1,92.91,0,5.5,0
2023-04-08T07:00:00,-1,92.89,0,3.7,0
2023-04-08T08:00:00,1,92.91,0,5.5,0
2023-04-08T09:00:00,3,80.57,0,7.6,0
2023-04-08T10:00:00,6,60.98,0,12.9,0
2023-04-08T11:00:00,7,56.88,0,12.8,0
2023-04-08T12:00:00,8,56.88,0,11.1,0
2023-04-08T13:00:00,9,49.56,0,11.1,0
2023-04-08T14:00:00,9,42.9,0,12.8,0
2023-04-08T15:00:00,9,42.91,0,16.5,0
2023-04-08T16:00:00,9,37.08,0,18.2,0
2023-04-08T17:00:00,8,39.62,0,16.5,0
2023-04-08T18:00:00,9,36.96,0,12.9,0
2023-04-08T19:00:00,8,36.75,0,12.9,0
2023-04-08T20:00:00,7,39.31,0,7.5,0
2023-04-08T21:00:00,6,48.98,0,7.6,0
2023-04-08T22:00:00,3,60.11,0,3.7,0
2023-04-08T23:00:00,4,60.49,0,9.3,0
2023-04-09T00:00:00,4,56.17,0,5.4,5.2
2023-04-09T01:00:00,4,60.59,0,7.5,20.1
2023-04-09T02:00:00,3,69.89,0,5.4,63.6
2023-04-09T03:00:00,1,80.33,0,3.6,59.4
2023-04-09T04:00:00,1,80.38,0,1.9,5.2
2023-04-09T05:00:00,2.9,70.01,0,7.5,20.9
2023-04-09T06:00:00,0,86.42,0,0.1,14.8
2023-04-09T07:00:00,0,86.38,0,3.6,9.4
2023-04-09T08:00:00,3,69.99,0,5.4,7.4
2023-04-09T09:00:00,4,70.05,0,9.3,6.9
2023-04-09T10:00:00,6,60.97,0,9.4,0
2023-04-09T11:00:00,7,52.95,0,12.9,0
2023-04-09T12:00:00,8,49.46,0,12.9,0
2023-04-09T13:00:00,9,46.23,0,12.9,9.9
2023-04-09T14:00:00,9,46.18,0,14.6,9.9
2023-04-09T15:00:00,9,42.9,0,20.2,5.2
2023-04-09T16:00:00,9,39.88,0,20.2,7.4
2023-04-09T17:00:00,10,37.39,0,22,5.2
2023-04-09T18:00:00,9,39.97,0,16.5,10
2023-04-09T19:00:00,9,39.97,0,18.3,30.8
2023-04-09T20:00:00,8,39.72,0,12.9,9.9
2023-04-09T21:00:00,6,48.81,0,9.4,53.6
2023-04-09T22:00:00,5,52.28,0,5.5,15.1
2023-04-09T23:00:00,3,60.21,0,3.7,5.2
2023-04-10T00:00:00,2,64.63,0,7.5,0
2023-04-10T01:00:00,1,74.64,0,7.5,0
2023-04-10T02:00:00,1,69.43,0,3.7,0
2023-04-10T03:00:00,0.1,74.41,0,5.5,0
2023-04-10T04:00:00,0,74.43,0,3.7,0
2023-04-10T05:00:00,-0.9,79.69,0,3.7,0
2023-04-10T06:00:00,-0.9,79.67,0,3.7,0
2023-04-10T07:00:00,-1.9,85.6,0,1.9,0
2023-04-10T08:00:00,1.1,74.25,0,3.7,0
2023-04-10T09:00:00,6,56.76,0,3.6,0
2023-04-10T10:00:00,8,42.74,0,9.3,0
2023-04-10T11:00:00,9,34.46,0,14.6,0
2023-04-10T12:00:00,10,34.76,0,14.6,0
2023-04-10T13:00:00,11,30.21,0,12.8,0
2023-04-10T14:00:00,11,30.17,0,11.1,0
2023-04-10T15:00:00,11,32.4,0,14.6,0
2023-04-10T16:00:00,11,32.43,0,12.8,7.5
2023-04-10T17:00:00,11,29.85,0,16.6,17.2
2023-04-10T18:00:00,10,32.12,0,12.9,5.2
2023-04-10T19:00:00,10,31.91,0,11.2,11.1
2023-04-10T20:00:00,9,37.02,0,11.1,0
2023-04-10T21:00:00,7,42.38,0,9.3,0
2023-04-10T22:00:00,4.1,55.91,0,9.3,0
2023-04-10T23:00:00,3.1,60.06,0,11,0
2023-04-11T00:00:00,5,48.59,0,12.8,0
2023-04-11T01:00:00,3.1,55.78,0,11.1,0
2023-04-11T02:00:00,2.1,59.79,0,9.3,2.3
2023-04-11T03:00:00,2.1,64.23,0,9.4,14.8
2023-04-11T04:00:00,1.1,68.98,0,9.3,15.1
2023-04-11T05:00:00,1.1,68.98,0,9.3,41.5
2023-04-11T06:00:00,2.1,69.44,0,9.3,58
2023-04-11T07:00:00,3.1,64.42,0,11.1,90
2023-04-11T08:00:00,3.1,64.45,0,9.4,70.2
2023-04-11T09:00:00,6.1,56.48,0,9.3,30.6
2023-04-11T10:00:00,10,50,0,14.6,60.5
2023-04-11T11:00:00,12,50.6,0,12.8,70.7
2023-04-11T12:00:00,13,50.86,0,11,28.4
2023-04-11T13:00:00,14,54.67,0,12.9,5.2
2023-04-11T14:00:00,15.9,51.6,0,11.2,50
2023-04-11T15:00:00,16.9,45.24,0,12.9,88.5
2023-04-11T16:00:00,15.9,41.98,0,11.1,34.7
2023-04-11T17:00:00,15,47.89,0,12.9,62.5
2023-04-11T18:00:00,15.9,48.28,0,11.2,53.9
2023-04-11T19:00:00,14.9,51.47,0,11.1,20.1
2023-04-11T20:00:00,13.4,59.52,0,9.2,30.8
2023-04-11T21:00:00,11.9,66.86,0,14.7,29.4
2023-04-11T22:00:00,10,76.18,0,11.2,97.1
2023-04-11T23:00:00,10,76.12,0,9.4,18.4
2023-04-12T00:00:00,9,81.44,0,9.3,26
2023-04-12T01:00:00,7.1,86.92,0,5.5,87.5
2023-04-12T02:00:00,7,86.94,0,5.5,56.2
2023-04-12T03:00:00,6.1,93.05,0,3.7,33.6
2023-04-12T04:00:00,5.1,93.03,0,5.5,41.3
2023-04-12T05:00:00,4.1,92.96,0,7.6,19.2
2023-04-12T06:00:00,4.1,99.61,0,7.6,45.2
2023-04-12T07:00:00,3.1,99.59,0,11.1,26.1
2023-04-12T08:00:00,5.1,99.47,0,14.5,28.6
2023-04-12T09:00:00,6.1,92.85,0,11.1,49.3
2023-04-12T10:00:00,9,86.88,0,11.1,13.8
2023-04-12T11:00:00,12,66.67,0,7.6,70.4
2023-04-12T12:00:00,15,58.67,0,14.6,33.1
2023-04-12T13:00:00,17,42.25,0,14.6,0
2023-04-12T14:00:00,16.9,42.33,0,13,29.8
2023-04-12T15:00:00,15.9,48.18,0,16.5,28.9
2023-04-12T16:00:00,14,58.4,0,14.8,28.9
2023-04-12T17:00:00,15,54.79,0.299,20.3,28.9
2023-04-12T18:00:00,13,62.15,0,18.2,29.8
2023-04-12T19:00:00,13,62.19,0,16.4,29.5
2023-04-12T20:00:00,12,62.18,0,18.1,69.1
2023-04-12T21:00:00,9.1,70.72,0.006,14.6,63.8
2023-04-12T22:00:00,7.1,81.01,0,16.5,43.7
2023-04-12T23:00:00,6.1,80.79,0,14.7,68.5
2023-04-13T00:00:00,7.1,75.47,0,12.9,90
2023-04-13T01:00:00,8.1,70.63,0,12.9,90
2023-04-13T02:00:00,8,70.7,0,12.9,90
2023-04-13T03:00:00,8,70.79,0,18.2,48.4
2023-04-13T04:00:00,8,66.07,0,16.5,80.8
2023-04-13T05:00:00,7,70.61,0,14.7,58.5
2023-04-13T06:00:00,6,75.53,0,14.7,64.3
2023-04-13T07:00:00,5.1,75.28,0,18.3,90
2023-04-13T08:00:00,5.1,70.11,0,20.4,66.8
2023-04-13T09:00:00,6,65.49,0,25.7,53.6
2023-04-13T10:00:00,6.1,70.2,0,22.3,78.5
2023-04-13T11:00:00,7,65.62,0,20.5,76.2
2023-04-13T12:00:00,7.1,65.53,0,20.6,69.3
2023-04-13T13:00:00,6.1,70.02,0,20.7,50.7
2023-04-13T14:00:00,6.1,69.94,0,24.2,19.6
2023-04-13T15:00:00,7.1,65.38,0,24.2,51.8
2023-04-13T16:00:00,8.1,61.12,0,24.1,7.5
2023-04-13T17:00:00,7.1,60.93,0,26,58.6
2023-04-13T18:00:00,6.1,60.81,0,24.3,63.3
2023-04-13T19:00:00,5.1,65.12,0,25.9,80.3
2023-04-13T20:00:00,5.1,65.17,0,22.4,85.6
2023-04-13T21:00:00,4.1,64.99,0,24.1,83.3
2023-04-13T22:00:00,4.1,64.98,0,24,76.2
2023-04-13T23:00:00,4.1,65.06,0,22.2,90
2023-04-14T00:00:00,3.1,64.85,0,22.3,83.3
2023-04-14T01:00:00,3.1,69.72,0,22.2,90
2023-04-14T02:00:00,3.1,69.74,0,22.2,92.3
2023-04-14T03:00:00,3.1,69.74,0,22.2,92.5
2023-04-14T04:00:00,3.1,69.77,0,20.5,90
2023-04-14T05:00:00,3.1,69.73,0,22.3,92.5
2023-04-14T06:00:00,3.1,69.73,0,24,87.7
2023-04-14T07:00:00,3.1,64.86,0,24,87.7
2023-04-14T08:00:00,3.1,64.79,0,29.3,71.6
2023-04-14T09:00:00,5,60.53,0,27.5,78.3
2023-04-14T10:00:00,5.1,56.34,0,27.5,72
2023-04-14T11:00:00,7,52.97,0,22.4,71.6
2023-04-14T12:00:00,8,53.21,0,20.6,22.2
2023-04-14T13:00:00,7,56.77,0,25.9,14.8
2023-04-14T14:00:00,7.1,56.7,0,24.2,0
2023-04-14T15:00:00,8,53.08,0,25.8,0
2023-04-14T16:00:00,9,49.63,0,27.6,0
2023-04-14T17:00:00,8,49.3,0,25.9,20.9
2023-04-14T18:00:00,7.1,49.02,0,25.8,47
2023-04-14T19:00:00,6.1,52.42,0,20.6,36.7
2023-04-14T20:00:00,5.1,56.06,0,20.5,2.5
2023-04-14T21:00:00,4.1,60.12,0,14.9,19.1
2023-04-14T22:00:00,3.1,60.05,0,16.6,38.3
2023-04-14T23:00:00,2.1,64.42,0,14.7,35.9
2023-04-15T00:00:00,1.1,69.17,0,16.5,26
2023-04-15T01:00:00,1.1,69.19,0,12.9,12.1
2023-04-15T02:00:00,0.1,68.97,0,16.4,5.2
2023-04-15T03:00:00,0.1,68.92,0,16.4,41.1
2023-04-15T04:00:00,1.1,59.57,0,14.7,29.3
2023-04-15T05:00:00,1.1,59.53,0,12.9,33.6
2023-04-15T06:00:00,2,51.52,0,14.7,65
2023-04-15T07:00:00,2,55.49,0,16.4,58.5
2023-04-15T08:00:00,3,51.72,0,20.3,33.8
2023-04-15T09:00:00,4,48.19,0,18.2,49.5
2023-04-15T10:00:00,5.1,48.42,0,14.7,47
2023-04-15T11:00:00,8,39.59,0,16.5,5.2
2023-04-15T12:00:00,9,34.45,0,20.5,28.6
2023-04-15T13:00:00,10.9,26,0,25.8,0
2023-04-15T14:00:00,10.9,26,0,31.5,5.2
2023-04-15T15:00:00,11,27.99,0,27.6,5.2
2023-04-15T16:00:00,10.9,28.02,0,25.9,15.1
2023-04-15T17:00:00,8,49.16,0,18.5,49.5
2023-04-15T18:00:00,9,46.08,0,16.7,5.2
2023-04-15T19:00:00,8,45.83,0,16.5,28.6
2023-04-15T20:00:00,8,42.68,0,16.4,5.2
2023-04-15T21:00:00,7,42.4,0,22,0
2023-04-15T22:00:00,5,48.66,0,12.9,0
2023-04-15T23:00:00,3.1,51.84,0,12.9,56.2
2023-04-16T00:00:00,2.1,55.59,0,11.2,19.8
2023-04-16T01:00:00,1.1,59.66,0,12.9,2.5
2023-04-16T02:00:00,0.1,63.81,0,11.1,0
2023-04-16T03:00:00,0.1,63.81,0,11.1,0
2023-04-16T04:00:00,0.1,63.91,0,9.4,0
2023-04-16T05:00:00,0,63.87,0,7.6,0
2023-04-16T06:00:00,-0.9,68.69,0,7.6,20.7
2023-04-16T07:00:00,-1.9,73.8,0,9.4,23
2023-04-16T08:00:00,2,51.65,0,11.1,52.1
2023-04-16T09:00:00,3,51.94,0,11.1,67.8
2023-04-16T10:00:00,6,42.27,0,11.1,67.8
2023-04-16T11:00:00,8.9,32.05,0,14.6,67.8
2023-04-16T12:00:00,10,34.69,0,12.9,56.5
2023-04-16T13:00:00,10,34.67,0,14.7,62.8
2023-04-16T14:00:00,10,37.27,0,18.3,63.3
2023-04-16T15:00:00,9,36.94,0,20.4,53.6
2023-04-16T16:00:00,8,42.45,0,18.2,41.1
2023-04-16T17:00:00,8,49.09,0,14.7,58.5
2023-04-16T18:00:00,10,40.13,0,16.4,69.9
2023-04-16T19:00:00,9,46.09,0,11.1,92.3
2023-04-16T20:00:00,8,52.93,0,9.4,100
2023-04-16T21:00:00,6,65.18,0,7.6,100
2023-04-16T22:00:00,5,70,0,7.5,100
2023-04-16T23:00:00,4.1,75.02,0,7.6,95.2
2023-04-17T00:00:00,4,75.09,0,5.4,95.2
2023-04-17T01:00:00,5,69.92,0,5.5,92.5
2023-04-17T02:00:00,5,69.91,0,5.5,90
2023-04-17T03:00:00,5,65.04,0,7.5,95.2
2023-04-17T04:00:00,5,60.94,0,5.5,95.2
2023-04-17T05:00:00,5,60.91,0,7.6,97.5
2023-04-17T06:00:00,4,65.26,0,9.3,95.2
2023-04-17T07:00:00,4,56.49,0,5.5,97.5
2023-04-17T08:00:00,5,56.6,0,7.6,90
2023-04-17T09:00:00,6,49.1,0,7.6,97.5
2023-04-17T10:00:00,8,42.91,0,11.1,97.5
2023-04-17T11:00:00,9.9,34.87,0,12.8,92.3
2023-04-17T12:00:00,11,30.21,0,14.6,52.1
2023-04-17T13:00:00,11,25.99,0,16.4,52.1
2023-04-17T14:00:00,11,25.98,0,20.2,20.7
2023-04-17T15:00:00,11,24.05,0,18.1,26
2023-04-17T16:00:00,11,23.96,0,14.6,0
2023-04-17T17:00:00,12,20.7,0,11.2,0
2023-04-17T18:00:00,12,22.49,0,11.2,0
2023-04-17T19:00:00,12,24.26,0,7.7,0
2023-04-17T20:00:00,8,39.38,0,11.1,0
2023-04-17T21:00:00,6,52.16,0,9.4,0
2023-04-17T22:00:00,6,48.56,0,2,0
2023-04-17T23:00:00,4,64.59,0,0.2,0
2023-04-18T00:00:00,3,64.69,0,1.8,0
2023-04-18T01:00:00,2,69.43,0,0.1,0
2023-04-18T02:00:00,2,74.81,0,3.6,0
2023-04-18T03:00:00,1,74.79,0,3.6,0
2023-04-18T04:00:00,2,74.96,0,0.1,7.4
2023-04-18T05:00:00,1,80.38,0,3.7,25
2023-04-18T06:00:00,3,69.88,0,5.4,47
2023-04-18T07:00:00,2.9,69.97,0,5.4,26
2023-04-18T08:00:00,4,60.67,0,9.3,26
2023-04-18T09:00:00,5,52.49,0,11.1,11.5
2023-04-18T10:00:00,6,45.41,0,11.2,2.3
2023-04-18T11:00:00,7,39.23,0,14.7,36
2023-04-18T12:00:00,8,34,0,16.5,77.5
2023-04-18T13:00:00,8,36.66,0,16.5,92.3
2023-04-18T14:00:00,9,31.88,0,20.3,82.4
2023-04-18T15:00:00,10,27.67,0,20.3,89.8
2023-04-18T16:00:00,10,27.59,0,20.3,62
2023-04-18T17:00:00,10,27.58,0,23.9,84.8
2023-04-18T18:00:00,11,27.85,0,20.5,49.3
2023-04-18T19:00:00,10,25.57,0,20.4,5.2
2023-04-18T20:00:00,9,34.28,0,16.5,27.8
2023-04-18T21:00:00,7,42.27,0,14.7,44.6
2023-04-18T22:00:00,6,45.3,0,12.9,5.2
2023-04-18T23:00:00,6,39.06,0,11.2,0
2023-04-19T00:00:00,6,42.17,0,12.9,0
2023-04-19T01:00:00,4.8,52.82,0,12.6,0
2023-04-19T02:00:00,4.7,53.07,0,16,0
2023-04-19T03:00:00,5,60.69,0,18.3,0
2023-04-19T04:00:00,4,65.02,0,18.3,0
2023-04-19T05:00:00,4,69.94,0,16.5,0
2023-04-19T06:00:00,4,69.95,0,22.2,0
2023-04-19T07:00:00,3,74.93,0,22.2,0
2023-04-19T08:00:00,4,65.05,0,18.3,0
2023-04-19T09:00:00,5,65.08,0,22.2,0
2023-04-19T10:00:00,5.1,64.77,0,22.3,0
2023-04-19T11:00:00,6.1,60.36,0,20.6,0
2023-04-19T12:00:00,7.1,56.39,0,22.3,0
2023-04-19T13:00:00,7.1,52.42,0,27.6,0
2023-04-19T14:00:00,9,39.75,0,29.3,0
2023-04-19T15:00:00,9,42.72,0,23.9,0
2023-04-19T16:00:00,10,37.2,0,29.2,0
2023-04-19T17:00:00,10,40,0,25.7,0
2023-04-19T18:00:00,10,37.3,0,22.1,0
2023-04-19T19:00:00,10,34.69,0,20.4,0
2023-04-19T20:00:00,9,39.93,0,18.2,0
2023-04-19T21:00:00,8,42.81,0,9.3,0
2023-04-19T22:00:00,7,49.13,0,9.4,0
2023-04-19T23:00:00,6,56.62,0,7.5,0
2023-04-20T00:00:00,6,56.74,0,11.1,0
2023-04-20T01:00:00,4,64.95,0,9.4,0
2023-04-20T02:00:00,5,60.68,0,11.1,0
2023-04-20T03:00:00,3,69.48,0,5.5,0
2023-04-20T04:00:00,2,69.65,0,3.7,0
2023-04-20T05:00:00,1,80.17,0,0.1,0
2023-04-20T06:00:00,0,86.27,0,0.1,0
2023-04-20T07:00:00,1,80.36,0,1.9,0
2023-04-20T08:00:00,5,70.12,0,1.8,0
2023-04-20T09:00:00,7,60.93,0,5.4,2.3
2023-04-20T10:00:00,8,52.9,0,9.3,21.2
2023-04-20T11:00:00,9.1,45.78,0,9.3,9.2
2023-04-20T12:00:00,11,40.2,0,12.8,6.9
2023-04-20T13:00:00,11,37.37,0,14.6,0
2023-04-20T14:00:00,12,32.54,0,11.2,0
2023-04-20T15:00:00,13,32.88,0,11.2,20.9
2023-04-20T16:00:00,13,32.94,0,13,13.8
2023-04-20T17:00:00,13,32.99,0,18.2,0
2023-04-20T18:00:00,12,40.64,0,22.2,0
2023-04-20T19:00:00,12,40.74,0,25.7,7.5
2023-04-20T20:00:00,10,46.55,0,18.2,6.9
2023-04-20T21:00:00,8,53.12,0,18.2,0
2023-04-20T22:00:00,7,61,0,14.6,0
2023-04-20T23:00:00,6,65.34,0,14.6,0
2023-04-21T00:00:00,6,65.37,0,12.8,20.7
2023-04-21T01:00:00,6,65.49,0,12.8,20.7
2023-04-21T02:00:00,6,65.54,0,12.8,20.7
2023-04-21T03:00:00,6,70.49,0,9.3,23
2023-04-21T04:00:00,5.9,70.67,0,9.3,0
2023-04-21T05:00:00,5,75.68,0,7.5,0
2023-04-21T06:00:00,5,75.69,0,5.4,0
2023-04-21T07:00:00,4,86.93,0,5.5,0
2023-04-21T08:00:00,5,86.91,0,5.4,0
2023-04-21T09:00:00,8,75.96,0,11.1,0
2023-04-21T10:00:00,9,70.88,0,7.5,0
2023-04-21T11:00:00,12,58.22,0,5.6,0
2023-04-21T12:00:00,13,58.36,0,13,0
2023-04-21T13:00:00,14,54.65,0,11.2,0
2023-04-21T14:00:00,13,54.4,0,14.7,16.7
2023-04-21T15:00:00,15,47.81,0,14.8,19.1
2023-04-21T16:00:00,14.9,44.7,0,14.7,19.1
2023-04-21T17:00:00,14.9,44.72,0,18.3,41.6
2023-04-21T18:00:00,14.9,41.75,0,20.4,13.8
2023-04-21T19:00:00,13.9,44.5,0,18.2,14.5
2023-04-21T20:00:00,12,44.02,0,20.3,0
2023-04-21T21:00:00,10,57.74,0,14.6,0
2023-04-21T22:00:00,9,61.83,0,12.8,0
2023-04-21T23:00:00,7,70.74,0,12.8,0
2023-04-22T00:00:00,6,81.16,0,9.3,0
2023-04-22T01:00:00,5,81.13,0,9.3,0
2023-04-22T02:00:00,5,87,0,5.4,0
2023-04-22T03:00:00,4,86.99,0,7.5,0
2023-04-22T04:00:00,3,93.17,0,7.5,0
2023-04-22T05:00:00,2,93.17,0,7.5,0
2023-04-22T06:00:00,2,99.91,0,9.3,0
2023-04-22T07:00:00,4,86.94,0,11.1,0
2023-04-22T08:00:00,5,87.04,0,11.1,0
2023-04-22T09:00:00,7,81.32,0,7.6,0
2023-04-22T10:00:00,10,66.51,0,14.7,6.9
2023-04-22T11:00:00,11,62.12,0,9.4,13.8
2023-04-22T12:00:00,12,58.17,0,11.2,0
2023-04-22T13:00:00,13,54.46,0,9.4,0
2023-04-22T14:00:00,13,54.45,0,11.2,23.7
2023-04-22T15:00:00,14.9,44.74,0,12.9,19.1
2023-04-22T16:00:00,14,51.02,0,14.7,27.8
2023-04-22T17:00:00,15,44.69,0,14.8,23.2
2023-04-22T18:00:00,15,41.71,0,11.3,12.1
2023-04-22T19:00:00,13,44.19,0,13,0
2023-04-22T20:00:00,11,50.31,0,18.2,0
2023-04-22T21:00:00,9,61.53,0,18.1,0
2023-04-22T22:00:00,7,70.43,0,12.8,0
2023-04-22T23:00:00,7,65.8,0,11,0
2023-04-23T00:00:00,6,70.48,0,9.3,0
2023-04-23T01:00:00,6,75.66,0,5.4,0
2023-04-23T02:00:00,6,70.65,0,5.4,0
2023-04-23T03:00:00,5,81.06,0,9.2,0
2023-04-23T04:00:00,3,80.7,0,7.5,0
2023-04-23T05:00:00,2.1,80.42,0,3.7,0
2023-04-23T06:00:00,2,86.57,0,3.7,0
2023-04-23T07:00:00,3,80.64,0,3.7,0
2023-04-23T08:00:00,6,70.5,0,5.5,0
2023-04-23T09:00:00,9,57.45,0,14.6,0
2023-04-23T10:00:00,12,47.09,0,14.7,0
2023-04-23T11:00:00,14,44.27,0,14.6,0
2023-04-23T12:00:00,15,44.37,0,14.6,0
2023-04-23T13:00:00,16,36.3,0,14.7,0
2023-04-23T14:00:00,17,34.3,0,16.4,5.2
2023-04-23T15:00:00,17.9,34.55,0,18.2,28.5
2023-04-23T16:00:00,17.9,36.92,0,22.1,6.9
2023-04-23T17:00:00,18.9,32.42,0,22.2,0
2023-04-23T18:00:00,18.9,32.47,0,20.3,0
2023-04-23T19:00:00,16,41.88,0,7.7,0
2023-04-23T20:00:00,17,36.67,0,3.7,0
2023-04-23T21:00:00,16,42.01,0,9.3,0
2023-04-23T22:00:00,14,47.76,0,5.5,0
2023-04-23T23:00:00,12,58.1,0,7.6,22.2
2023-04-24T00:00:00,12,57.98,0,7.7,31.3
2023-04-24T01:00:00,11.1,57.75,0,11.2,12.1
2023-04-24T02:00:00,11,57.75,0,9.4,2.3
2023-04-24T03:00:00,11,57.78,0,13,0
2023-04-24T04:00:00,11,61.93,0,12.9,0
2023-04-24T05:00:00,12,58.07,0,16.5,0
2023-04-24T06:00:00,12,58.2,0,12.9,25
2023-04-24T07:00:00,12,58.34,0,16.5,27.5
2023-04-24T08:00:00,11.9,62.64,0,18.3,50.3
2023-04-24T09:00:00,10,81.61,0,16.6,89.5
2023-04-24T10:00:00,11,76.59,0,18.3,50.6
2023-04-24T11:00:00,11.9,76.73,0,16.6,89.5
2023-04-24T12:00:00,12.9,71.95,0,18.3,89.1
2023-04-24T13:00:00,11.9,67.07,0,18.3,49.8
2023-04-24T14:00:00,10,71.23,0,16.5,67.8
2023-04-24T15:00:00,9,71.03,0,16.5,46.9
2023-04-24T16:00:00,8.1,75.86,0,16.5,69.9
2023-04-24T17:00:00,8.1,75.9,0,14.7,67.8
2023-04-24T18:00:00,9.1,70.77,0,14.6,54.3
2023-04-24T19:00:00,7.1,75.47,0,11,82.6
2023-04-24T20:00:00,6.1,80.81,0,7.5,82.6
2023-04-24T21:00:00,7.1,75.7,0,1.9,90
2023-04-24T22:00:00,7,76.04,0.001,5.4,29.9
2023-04-24T23:00:00,7,81.48,0.396,3.7,29.9
2023-04-25T00:00:00,7,93.34,0,5.4,29.8
2023-04-25T01:00:00,7,93.33,2.521,11.1,50.6
2023-04-25T02:00:00,8,87.42,0.011,14.6,49.7
2023-04-25T03:00:00,8,87.44,0,12.8,29.7
2023-04-25T04:00:00,7,87.34,0.195,12.9,43
2023-04-25T05:00:00,7,87.37,0.016,12.9,27.5
2023-04-25T06:00:00,6.1,93.38,0,11,72
2023-04-25T07:00:00,7.1,93.26,0,7.6,71.7
2023-04-25T08:00:00,9.1,93.12,0,7.6,1
2023-04-25T09:00:00,11.1,81.51,0,13,29.8
2023-04-25T10:00:00,14,62.79,0,14.7,40.7
2023-04-25T11:00:00,15.1,54.81,0,13,16.7
2023-04-25T12:00:00,19,37.3,0,22.1,36.1
2023-04-25T13:00:00,19,37.11,0,23.9,12.6
2023-04-25T14:00:00,20,32.53,0,22.1,67.8
2023-04-25T15:00:00,20,30.34,0,22.1,29.5
2023-04-25T16:00:00,19.9,30.59,0,16.4,29.3
2023-04-25T17:00:00,18.9,30.33,0,23.8,29.7
2023-04-25T18:00:00,18.9,30.37,0,9.4,29.2
2023-04-25T19:00:00,17.9,34.6,0,7.7,51
2023-04-25T20:00:00,13,54.35,0,7.6,29.6
2023-04-25T21:00:00,12,58.15,0,5.5,29.7
2023-04-25T22:00:00,12,58.25,0,12.8,29.8
2023-04-25T23:00:00,11,62.04,0,11.1,29
2023-04-26T00:00:00,10,61.91,0,11,2.3
2023-04-26T01:00:00,11,58.16,0,7.5,35.9
2023-04-26T02:00:00,9.9,62.41,0,9.5,27
2023-04-26T03:00:00,10,57.88,0,7.6,24.7
2023-04-26T04:00:00,8,70.94,0,7.6,24.7
2023-04-26T05:00:00,6,87.06,0,3.8,46.6
2023-04-26T06:00:00,5,99.82,0,14.5,98.3
2023-04-26T07:00:00,6,99.75,0,9.3,100
2023-04-26T08:00:00,7,93.14,0.001,9.2,89.5
2023-04-26T09:00:00,8,87.05,0,9.3,89
2023-04-26T10:00:00,9,81.4,0,3.7,99.7
2023-04-26T11:00:00,10,76.18,0,11,89
2023-04-26T12:00:00,11,71.39,0,7.6,89.3
2023-04-26T13:00:00,10,66.44,0,9.3,89.6
2023-04-26T14:00:00,10,66.39,0,11.1,50.6
2023-04-26T15:00:00,9,70.98,0,14.6,29.8
2023-04-26T16:00:00,8.1,75.79,0,14.6,89.4
2023-04-26T17:00:00,8.1,75.87,0,14.6,89.7
2023-04-26T18:00:00,8,75.88,0,16.4,89.6
2023-04-26T19:00:00,8,76.04,0.002,12.8,89.7
2023-04-26T20:00:00,8,76.26,0.021,9.5,100
2023-04-26T21:00:00,8,81.74,0.498,7.6,100
2023-04-26T22:00:00,7,87.38,0.079,18,99.9
2023-04-26T23:00:00,6,93.41,2.429,14.6,100
2023-04-27T00:00:00,6,93.41,0.005,11.1,100
2023-04-27T01:00:00,6,93.38,0.072,7.7,100
2023-04-27T02:00:00,6,93.36,1.932,7.7,89.6
2023-04-27T03:00:00,5,87.12,0.001,20.3,99.9
2023-04-27T04:00:00,4,87,0,12.9,99.9
2023-04-27T05:00:00,5,87.09,0,9.3,89.6
2023-04-27T06:00:00,5,87.12,0.004,9.3,50.6
2023-04-27T07:00:00,5,87.1,0,9.3,90
2023-04-27T08:00:00,5,87.1,0,11.1,90
2023-04-27T09:00:00,6,81.31,0,13,29.7
2023-04-27T10:00:00,6,86.92,0,13,89.4
2023-04-27T11:00:00,7,75.78,0,14.7,50.3
2023-04-27T12:00:00,8,61.5,0,14.7,50.2
2023-04-27T13:00:00,8,65.85,0,14.7,50.4
2023-04-27T14:00:00,9,43.17,0,22,29.7
2023-04-27T15:00:00,9,43.07,0,21.9,29.5
2023-04-27T16:00:00,9,39.95,0,20.2,63.9
2023-04-27T17:00:00,8,39.71,0,18.1,38.5
2023-04-27T18:00:00,8,42.72,0,16.3,39
2023-04-27T19:00:00,8,49.49,0,16.4,36.1
2023-04-27T20:00:00,7,53.06,0,14.5,19.9
2023-04-27T21:00:00,6,65.61,0,11,28.7
2023-04-27T22:00:00,6,70.49,0,7.5,29.2
2023-04-27T23:00:00,5,81.02,0,14.5,24.6
2023-04-28T00:00:00,3,86.67,0,7.5,28.8
2023-04-28T01:00:00,3,80.94,0,3.7,28.5
2023-04-28T02:00:00,3.9,81.08,0.29,9.3,49.5
2023-04-28T03:00:00,2,86.79,0,3.7,28.8
2023-04-28T04:00:00,1,93.05,0,9.3,22.2
2023-04-28T05:00:00,1,86.69,0,9.3,0
2023-04-28T06:00:00,0,93,0,7.6,2.3
2023-04-28T07:00:00,1,86.68,0,3.7,5.2
2023-04-28T08:00:00,3,80.77,0,9.3,14.8
2023-04-28T09:00:00,5,75.42,0,14.6,28.6
2023-04-28T10:00:00,6,70.31,0,14.7,50.4
2023-04-28T11:00:00,7,61.08,0,14.7,50.6
2023-04-28T12:00:00,7,53,0,12.9,50
2023-04-28T13:00:00,8,49.77,0.002,12.9,89.4
2023-04-28T14:00:00,8,49.93,0.016,9.4,89.6
2023-04-28T15:00:00,5,86.85,0.676,25.4,89.5
2023-04-28T16:00:00,6,75.68,0.003,14.6,50.5
2023-04-28T17:00:00,7,75.51,0.041,5.5,89.2
2023-04-28T18:00:00,4.1,86.52,1.932,14.7,89.4
2023-04-28T19:00:00,5,80.86,0,5.7,50
2023-04-28T20:00:00,5,80.83,0,3.9,89.5
2023-04-28T21:00:00,4,80.9,0.001,18.3,89.3
2023-04-28T22:00:00,4,80.93,0,13,89.5
2023-04-28T23:00:00,4,86.78,0,11.2,89.7
2023-04-29T00:00:00,4,86.82,0,9.5,89.6
2023-04-29T01:00:00,3,92.95,0.966,16.5,89.6
2023-04-29T02:00:00,3,92.9,0,13.1,89.7
2023-04-29T03:00:00,3,93.1,0,18.3,89.2
2023-04-29T04:00:00,3,86.82,0,18.2,88.5
2023-04-29T05:00:00,3,86.82,0,23.8,89
2023-04-29T06:00:00,3,86.74,0,22.1,99.3
2023-04-29T07:00:00,2,86.71,0,25.6,99.3
2023-04-29T08:00:00,3,80.82,0,20.3,99.3
2023-04-29T09:00:00,3,86.63,0,22,89.5
2023-04-29T10:00:00,5,75.49,0,20.2,89.3
2023-04-29T11:00:00,6,70.34,0,20.2,28.7
2023-04-29T12:00:00,8,57.03,0,18.1,29.4
2023-04-29T13:00:00,9,43.07,0,12.8,29.5
2023-04-29T14:00:00,10,40.3,0,14.7,87.5
2023-04-29T15:00:00,9,39.89,0,11.2,90
2023-04-29T16:00:00,10,34.59,0,9.5,29.8
2023-04-29T17:00:00,9.1,34.27,0,9.4,29.3
2023-04-29T18:00:00,10,42.95,0,16.5,29.5
2023-04-29T19:00:00,10,37.15,0,13,29.6
2023-04-29T20:00:00,10,37.14,0,14.7,90
2023-04-29T21:00:00,9,36.93,0,14.7,92.5
2023-04-29T22:00:00,8,39.53,0,11.1,97.5
2023-04-29T23:00:00,8,46.32,0.005,12.9,1.9
2023-04-30T00:00:00,6,70.73,1.004,22,100
2023-04-30T01:00:00,5,87.05,2.976,22,100
2023-04-30T02:00:00,5,87.09,3.919,18.1,100
2023-04-30T03:00:00,5.1,93.32,0.026,5.5,99.9
2023-04-30T04:00:00,5.1,93.33,0.075,9.4,99.9
2023-04-30T05:00:00,5.1,93.34,2.922,11.2,99.7
2023-04-30T06:00:00,5,93.2,0,13,50.6
2023-04-30T07:00:00,6,93.27,0.002,14.8,50.1
2023-04-30T08:00:00,6,87.01,0,20.5,89.5
2023-04-30T09:00:00,6,81.13,0,22.3,89.3
2023-04-30T10:00:00,6,70.57,0,24.1,89.6
2023-04-30T11:00:00,6,70.54,0.29,24.2,99.8
2023-04-30T12:00:00,5,80.94,0.001,27.7,89.7
2023-04-30T13:00:00,6,75.65,0.005,29.4,89.6
2023-04-30T14:00:00,6,70.56,0,33.3,89.6
2023-04-30T15:00:00,6,75.67,0.001,35,89.6
2023-04-30T16:00:00,6,70.59,0.003,36.7,89.6
2023-04-30T17:00:00,5,75.57,0,34.9,89.5
2023-04-30T18:00:00,5,81.01,0.004,29.3,89.5
2023-04-30T19:00:00,4,86.81,0.006,29.3,89.6
2023-04-30T20:00:00,5,81.12,0.002,27.5,89.6
2023-04-30T21:00:00,4,80.95,0,27.4,29.7
2023-04-30T22:00:00,4,80.99,0.001,24,54.6
2023-04-30T23:00:00,4,75.54,0,18.2,39.9
